Features,MaxDepth,MinSplitThreshold,Trees,SplitCriteria,Target,TrainAccuracy,TestAccuracy
5,5,2,1,gini,GP_greater_than_0,73.46938775510205,61.25654450261781
5,5,2,2,gini,GP_greater_than_0,68.91679748822605,62.30366492146597
5,5,2,4,gini,GP_greater_than_0,70.48665620094191,62.82722513089005
5,5,2,8,gini,GP_greater_than_0,74.25431711145997,65.96858638743456
5,5,2,16,gini,GP_greater_than_0,81.63265306122449,63.35078534031413
5,5,2,32,gini,GP_greater_than_0,79.27786499215071,68.58638743455498
5,5,2,64,gini,GP_greater_than_0,81.4756671899529,67.01570680628272
5,5,2,128,gini,GP_greater_than_0,82.26059654631082,68.06282722513089
